{"cameraMode":{"drawMode":0,"name":"Shaded","section":"Shading Mode"},"sceneLighting":true,"audioPlay":false,"sceneViewState":{"m_AlwaysRefresh":false,"showFog":true,"showSkybox":true,"showFlares":true,"showImageEffects":true,"showParticleSystems":true,"showVisualEffectGraphs":true,"m_FxEnabled":true},"in2DMode":false,"pivot":{"x":251.72824096679688,"y":128.42831420898438,"z":-19.301406860351564},"rotation":{"x":-0.05815625935792923,"y":0.0074825468473136429,"z":0.00043559647747315466,"w":0.998282253742218},"size":65.25849914550781,"orthographic":false}